Motion Profile: Recording - 4425 2018.03.83,,,,,,,,,
Left Output,Right Output,,Left Position,Right Position,,Left Velocity,Right Velocity,,
,,,,,,,,,
0,0,,0,0,,0,0,,
0,0,,0,0,,0,0,,
0,0,,0,0,,0,0,,
0,-0.090909091,,0,0,,0,0,,
0,-0.090909091,,0,0,,0,0,,
0,-0.090909091,,2.79E-05,2.79E-05,,6.64E-05,0,,
0,-0.090909091,,2.79E-05,2.79E-05,,6.64E-05,0,,
0,-0.090909091,,5.57E-05,2.79E-05,,1.33E-04,0,,
0,-0.090909091,,8.36E-05,2.79E-05,,1.99E-04,0,,
0,-0.090909091,,1.39E-04,0,,0.004119373,0,,
0,-0.090909091,,1.39E-04,2.79E-05,,0.004119373,0,,
0,-0.122189638,,1.95E-04,0,,0.007227806,0,,
0,-0.122189638,,3.06E-04,0,,0.008815069,0,,
0,-0.122189638,,3.34E-04,0,,0.009117061,0,,
0,-0.122189638,,3.90E-04,0,,0.009580241,0,,
0,-0.122189638,,4.18E-04,0,,0.009708315,0,,
0.066471163,-0.122189638,,4.73E-04,2.79E-05,,0.010511665,0,,
0.066471163,-0.122189638,,5.57E-04,2.79E-05,,0.012930409,0,,
0.066471163,-0.216031281,,5.85E-04,2.79E-05,,0.013702758,0,,
0.066471163,-0.216031281,,6.41E-04,2.79E-05,,0.011978044,0,,
0.066471163,-0.216031281,,8.08E-04,0,,0.016748354,0,,
0.066471163,-0.216031281,,8.63E-04,0,,0.017758365,0,,
0.060606061,-0.216031281,,0.00108615,0,,0.049170198,0,,
0.060606061,-0.216031281,,0.0012811,2.79E-05,,0.047580404,0,,
0.060606061,-0.275659824,,0.0013925,2.79E-05,,0.023042237,0,,
0.060606061,-0.275659824,,0.0015596,2.79E-05,,0.025245601,0,,
0.060606061,-0.275659824,,0.00169885,2.79E-05,,0.027501759,0,,
0.060606061,-0.275659824,,0.00181025,0,,0.026412813,0,,
0.039100684,-0.275659824,,0.00186595,0,,0.028723185,0,,
0.039100684,-0.275659824,,0.00203305,2.79E-05,,0.03218165,0,,
0.039100684,-0.332355816,,0.0021723,0,,0.030756488,0,,
0.039100684,-0.332355816,,0.00236725,0,,0.031141675,0,,
0.039100684,-0.332355816,,0.00275715,0,,0.037427765,0,,
0.039100684,-0.332355816,,0.00286855,0,,0.041108528,0,,
0.039100684,-0.332355816,,0.00309135,2.79E-05,,0.045084787,0,,
0.085043988,-0.332355816,,0.0033977,0,,0.05138969,0,,
0.085043988,-0.332355816,,0.00353695,2.79E-05,,0.054117076,0,,
0.085043988,-0.428152493,,0.00381545,0,,0.058687177,0,,
0.085043988,-0.428152493,,0.00426105,2.79E-05,,0.066908916,0,,
0.085043988,-0.428152493,,0.00470665,2.79E-05,,0.070177649,0,,
0.085043988,-0.428152493,,0.0050687,2.79E-05,,0.074642367,0,,
0.085043988,-0.428152493,,0.00520795,2.79E-05,,0.076830236,0,,
0.085043988,-0.428152493,,0.00570925,0,,0.078134315,0,,
0.113391984,-0.428152493,,0.00609915,0,,0.076100693,0,,
0.113391984,-0.428152493,,0.00648905,2.79E-05,,0.089295018,0,,
0.113391984,-0.470185728,,0.0068511,2.79E-05,,0.09006751,0,,
0.113391984,-0.470185728,,0.00782585,2.79E-05,,0.101066001,0,,
0.113391984,-0.470185728,,0.0084664,0,,0.093660669,0,,
0.113391984,-0.470185728,,0.0087449,0,,0.092957276,0,,
0.113391984,-0.470185728,,0.00938545,2.79E-05,,0.10837103,0,,
0.113391984,-0.470185728,,0.00966395,0,,0.110242454,0,,
0.131964809,-0.470185728,,0.0101931,0,,0.117133694,0,,
0.131964809,-0.487781036,,0.01077795,0,,0.116600377,0,,
0.131964809,-0.487781036,,0.0113071,2.79E-05,,0.119746318,0,,
0.131964809,-0.487781036,,0.01289455,2.79E-05,,0.11602958,0,,
0.131964809,-0.487781036,,0.01356295,0,,0.127118161,0,,
0.131964809,-0.487781036,,0.01378575,2.79E-05,,0.124337296,0,,
0.131964809,-0.487781036,,0.0143706,0,,0.135986328,0,,
0.131964809,-0.487781036,,0.01506685,0,,0.142564628,0,,
0.131964809,-0.487781036,,0.01567955,2.79E-05,,0.142455243,0,,
0.131964809,-0.487781036,,0.01645935,2.79E-05,,0.148543236,0,,
0.131964809,-0.487781036,,0.01768475,0,,0.146444065,0,,
0.131964809,-0.487781036,,0.01868735,2.79E-05,,0.146395952,0,,
0.131964809,-0.487781036,,0.01930005,2.79E-05,,0.149721121,0,,
0.131964809,-0.487781036,,0.01985705,2.79E-05,,0.154454073,0,,
0.133919844,-0.487781036,,0.0203862,2.79E-05,,0.151112317,0,,
0.133919844,-0.487781036,,0.02113815,0,,0.166132279,0,,
0.133919844,-0.50342131,,0.02197365,0,,0.166119893,0,,
0.133919844,-0.50342131,,0.02325475,0,,0.171200246,0,,
0.133919844,-0.50342131,,0.02403455,0,,0.166666667,0,,
0.133919844,-0.50342131,,0.02498145,2.79E-05,,0.169236612,0,,
0.133919844,-0.50342131,,0.0255663,0,,0.171121352,0,,
0.133919844,-0.50342131,,0.02648535,0,,0.17438948,0,,
0.142717498,-0.50342131,,0.02704235,0,,0.169817073,0,,
0.142717498,-0.50342131,,0.02782215,0,,0.156219324,0,,
0.142717498,-0.512218964,,0.0285741,2.79E-05,,0.143797599,0,,
0.142717498,-0.512218964,,0.02954885,0,,0.131398915,0,,
0.142717498,-0.512218964,,0.03110845,0,,0.19648999,0,,
0.142717498,-0.512218964,,0.03177685,2.79E-05,,0.196854568,0,,
0.142717498,-0.512218964,,0.03294655,0,,0.194296677,0,,
0.142717498,-0.512218964,,0.03350355,2.79E-05,,0.200974202,0,,
0.135874878,-0.512218964,,0.03456185,2.79E-05,,0.198291207,0,,
0.135874878,-0.512218964,,0.0353138,0,,0.200540054,0,,
0.135874878,-0.519061584,,0.0362607,2.79E-05,,0.202122834,0,,
0.135874878,-0.519061584,,0.0380988,2.79E-05,,0.214540202,0,,
0.135874878,-0.519061584,,0.0391571,0,,0.209064465,0,,
0.135874878,-0.519061584,,0.0398255,0,,0.214954173,0,,
0.135874878,-0.519061584,,0.04074455,0,,0.20681333,0,,
0.135874878,-0.519061584,,0.0417193,0,,0.208029879,0,,
0.135874878,-0.519061584,,0.04263835,2.79E-05,,0.234205824,0,,
0.135874878,-0.519061584,,0.0437245,0,,0.226583952,0,,
0,-0.600195503,,0.0448385,2.79E-05,,0.212311797,0,,
0,-0.600195503,,0.0465652,2.79E-05,,0.121988611,0,,
0,-0.600195503,,0.0470108,0,,0.145973924,0,,
0,-0.600195503,,0.04770705,2.79E-05,,0.161180641,0,,
0,-0.600195503,,0.0485147,0,,0.194127385,0,,
0,-0.600195503,,0.04993505,0,,0.234328986,0,,
0,-0.600195503,,0.05054775,2.79E-05,,0.226169932,0,,
0,-0.644183773,,0.05149465,2.79E-05,,0.226124023,0,,
0,-0.644183773,,0.0526922,2.79E-05,,0.205648883,0,,
0,-0.644183773,,0.0546417,0,,0.224032177,0,,
0,-0.644183773,,0.05533795,2.79E-05,,0.217556879,0,,
0,-0.644183773,,0.057371,0,,0.212615708,0,,
0,-0.644183773,,0.05784445,2.79E-05,,0.210347432,0,,
-0.134897361,-0.644183773,,0.05856855,0,,0.198893055,0,,
-0.134897361,-0.644183773,,0.05945975,0,,0.182219678,0,,
-0.134897361,-0.684261975,,0.06029525,2.79E-05,,0.162675234,0,,
-0.134897361,-0.684261975,,0.06163205,2.79E-05,,0.155412946,0,,
-0.134897361,-0.684261975,,0.0626068,2.79E-05,,0.17031035,0,,
-0.134897361,-0.684261975,,0.06319165,2.79E-05,,0.166791436,0,,
-0.134897361,-0.684261975,,0.0638322,2.79E-05,,0.163992345,0,,
-0.15542522,-0.684261975,,0.06519685,2.79E-05,,0.154411255,0,,
-0.15542522,-0.684261975,,0.06536395,2.79E-05,,0.160831589,0,,
-0.15542522,-0.704789834,,0.06603235,0,,0.148890671,0,,
-0.15542522,-0.704789834,,0.06675645,2.79E-05,,0.137948115,0,,
-0.15542522,-0.704789834,,0.06814895,2.79E-05,,0.140020111,0,,
-0.15542522,-0.704789834,,0.0683439,0,,0.135038487,0,,
-0.15542522,-0.704789834,,0.0692351,0,,0.131282777,0,,
-0.15542522,-0.704789834,,0.06965285,0,,0.130789551,0,,
-0.319648094,-0.704789834,,0.07048835,2.79E-05,,0.120569295,0,,
-0.319648094,-0.704789834,,0.0710175,2.79E-05,,0.072117563,0,,
-0.319648094,-0.8514174,,0.0711846,0,,0.056656071,0,,
-0.319648094,-0.8514174,,0.07137955,0,,0.046119771,0,,
-0.319648094,-0.8514174,,0.0721315,2.79E-05,,0.077546901,0,,
-0.319648094,-0.8514174,,0.07238215,2.79E-05,,0.086406826,0,,
-0.319648094,-0.8514174,,0.07282775,0,,0.066024596,0,,
-0.319648094,-0.8514174,,0.07299485,2.79E-05,,0.050191485,0,,
-0.319648094,-0.8514174,,0.07316195,0,,0.029518926,0,,
-0.319648094,-0.8514174,,0.07321765,2.79E-05,,0.020871194,0,,
-0.34115347,-0.854349951,,0.07327335,2.79E-05,,0.015772111,0,,
-0.34115347,-0.854349951,,0.0733569,2.79E-05,,0.011030358,0,,
-0.34115347,-0.854349951,,0.0733569,0,,0.011030358,0,,
-0.34115347,-0.854349951,,0.0733569,0,,0.011030358,0,,
-0.34115347,-0.854349951,,0.0733569,0,,0.011030358,0,,
-0.34115347,-0.854349951,,0.0733569,0,,0.011030358,0,,
-0.34115347,-0.854349951,,0.0733569,0,,0.011030358,0,,
-0.328445748,-0.842619746,,0.0733569,0,,0.011030358,0,,
-0.328445748,-0.842619746,,0.07332905,0,,0.011030358,0,,
-0.328445748,-0.842619746,,0.07332905,0,,0.011030358,0,,
-0.328445748,-0.842619746,,0.07332905,0,,0.011030358,0,,
-0.328445748,-0.842619746,,0.07332905,0,,0.011030358,0,,
-0.337243402,-0.842619746,,0.07332905,2.79E-05,,0.011030358,0,,
-0.337243402,-0.842619746,,0.0733012,0,,7.29E-04,0,,
-0.337243402,-0.833822092,,0.07327335,2.79E-05,,0,0,,
-0.337243402,-0.833822092,,0.07316195,0,,-0.010314767,0,,
-0.337243402,-0.833822092,,0.07299485,0,,-0.022582836,0,,
-0.337243402,-0.833822092,,0.0728556,0,,-0.030244618,0,,
-0.337243402,-0.833822092,,0.07282775,0,,-0.033710585,0,,
0,-0.833822092,,0.0726885,2.79E-05,,-0.030889101,0,,
0,-0.833822092,,0.0728556,2.79E-05,,0.03736437,0,,
0,-0.48973607,,0.07316195,2.79E-05,,0.049842285,0,,
0,-0.48973607,,0.0733569,0,,0.036590573,0,,
0,-0.48973607,,0.0734683,2.79E-05,,0.029566325,0,,
0,-0.48973607,,0.0735797,2.79E-05,,0.025030895,0,,
0,-0.48973607,,0.07371895,0,,0.029400121,0,,
0,-0.48973607,,0.07405315,0,,0.039235023,0,,
0,-0.48973607,,0.07438735,0,,0.033629681,0,,
0,-0.48973607,,0.07449875,2.79E-05,,0.035695403,0,,
0,-0.48973607,,0.074638,0,,0.036175291,0,,
0,-0.48973607,,0.07477725,0,,0.035809573,0,,
0.240469208,-0.48973607,,0.0750279,0,,0.076007232,0,,
0.240469208,-0.255131965,,0.07527855,0,,0.044749739,0,,
0.240469208,-0.255131965,,0.07583555,0,,0.169403893,0,,
0.240469208,-0.255131965,,0.07745085,2.79E-05,,0.182413624,0,,
0.240469208,-0.255131965,,0.0784813,2.79E-05,,0.136645201,0,,
0.240469208,-0.255131965,,0.0791497,2.79E-05,,0.102192459,0,,
0.240469208,-0.255131965,,0.07951175,0,,0.087585502,0,,
0.247311828,-0.255131965,,0.07990165,0,,0.06575957,0,,
0.247311828,-0.255131965,,0.08006875,2.79E-05,,0.056791823,0,,
0.247311828,-0.247311828,,0.08029155,0,,0.041460419,0,,
0.247311828,-0.247311828,,0.0806536,0,,0.128526103,0,,
0.247311828,-0.247311828,,0.0812106,0,,0.112684604,0,,
0.247311828,-0.247311828,,0.08185115,0,,0.089510265,0,,
0.247311828,-0.247311828,,0.0826588,0,,0.124699166,0,,
0.247311828,-0.247311828,,0.08279805,2.79E-05,,0.12634683,0,,
0.247311828,-0.247311828,,0.0834386,2.79E-05,,0.143686315,0,,
0.247311828,-0.247311828,,0.08419055,2.79E-05,,0.140950212,0,,
0.26686217,-0.263929619,,0.0848311,0,,0.123571825,0,,
0.26686217,-0.263929619,,0.0859451,2.79E-05,,0.121126454,0,,
0.26686217,-0.263929619,,0.0866692,0,,0.114514803,0,,
0.26686217,-0.263929619,,0.0868363,2.79E-05,,0.112639029,0,,
0.26686217,-0.263929619,,0.08736545,0,,0.133237651,0,,
0.26686217,-0.263929619,,0.0883959,2.79E-05,,0.156912459,0,,
0.26686217,-0.263929619,,0.0891757,0,,0.18574406,0,,
0.506353861,-0.502443793,,0.0907353,2.79E-05,,0.244030668,0,,
0.506353861,-0.502443793,,0.09104165,0,,0.240500864,0,,
0.506353861,-0.502443793,,0.09404945,0,,0.243364282,0,,
0.506353861,-0.502443793,,0.09477355,0,,0.253671866,0,,
0.506353861,-0.502443793,,0.0956926,0,,0.248910736,0,,
0.506353861,-0.502443793,,0.09694585,0,,0.227462991,0,,
0.515151515,-0.502443793,,0.0979763,0,,0.238441781,0,,
0.515151515,-0.502443793,,0.0989789,2.79E-05,,0.247061433,0,,
0.515151515,-0.511241447,,0.10028785,0,,0.274959891,0,,
0.515151515,-0.511241447,,0.1022095,2.79E-05,,0.304746273,0,,
0.515151515,-0.511241447,,0.10507805,0,,0.307395143,0,,
0.515151515,-0.511241447,,0.10518945,2.79E-05,,0.311608392,0,,
0.515151515,-0.511241447,,0.10708325,0,,0.337320212,0,,
0.515151515,-0.511241447,,0.10886565,0,,0.348342714,0,,
0.515151515,-0.511241447,,0.11109365,0,,0.345855324,0,,
0.515151515,-0.511241447,,0.11231905,0,,0.38815331,0,,
0.515151515,-0.511241447,,0.114185,2.79E-05,,0.389578598,0,,
0.515151515,-0.511241447,,0.11822325,2.79E-05,,0.365725542,0,,
0.515151515,-0.511241447,,0.11872455,0,,0.370777168,0,,
0.515151515,-0.511241447,,0.12106395,2.79E-05,,0.375716695,0,,
0.515151515,-0.511241447,,0.12384895,0,,0.397218756,0,,
0.340175953,-0.511241447,,0.12435025,0,,0.382949467,0,,
0.340175953,-0.511241447,,0.1259377,0,,0.354269359,0,,
0.340175953,-0.332355816,,0.12774795,2.79E-05,,0.326207906,0,,
0.340175953,-0.332355816,,0.1293354,0,,0.33328347,0,,
0.340175953,-0.332355816,,0.13326225,2.79E-05,,0.351142632,0,,
0.340175953,-0.332355816,,0.1356295,0,,0.360517799,0,,
0.340175953,-0.332355816,,0.1362979,0,,0.347473487,0,,
0.357771261,-0.332355816,,0.13827525,2.79E-05,,0.345962733,0,,
0.357771261,-0.332355816,,0.13925,2.79E-05,,0.334685294,0,,
0.357771261,-0.349951124,,0.1410324,0,,0.383212934,0,,
0.357771261,-0.349951124,,0.14312115,0,,0.367717445,0,,
0.357771261,-0.349951124,,0.14674165,0,,0.359644875,0,,
0.357771261,-0.349951124,,0.14791135,2.79E-05,,0.406866326,0,,
0.357771261,-0.349951124,,0.14952665,2.79E-05,,0.355513005,0,,
0.357771261,-0.349951124,,0.1512812,2.79E-05,,0.364707808,0,,
0.357771261,-0.349951124,,0.15270155,2.79E-05,,0.363992812,0,,
0.357771261,-0.349951124,,0.1543447,2.79E-05,,0.363339856,0,,
0.330400782,-0.324535679,,0.15604355,0,,0.343033102,0,,
0.330400782,-0.324535679,,0.15877285,0,,0.368752069,0,,
0.330400782,-0.324535679,,0.1623098,2.79E-05,,0.359296888,0,,
0.330400782,-0.324535679,,0.1636466,0,,0.36881311,0,,
0.330400782,-0.324535679,,0.16462135,2.79E-05,,0.371457152,0,,
0.330400782,-0.324535679,,0.16679365,0,,0.368447164,0,,
0.321603128,-0.324535679,,0.1685482,2.79E-05,,0.343033102,0,,
0.321603128,-0.324535679,,0.1697179,0,,0.325635779,0,,
0.321603128,-0.315738025,,0.17158385,2.79E-05,,0.406421014,0,,
0.321603128,-0.315738025,,0.1766247,0,,0.37904049,0,,
0.321603128,-0.315738025,,0.17737665,2.79E-05,,0.374831763,0,,
0.321603128,-0.315738025,,0.18010595,2.79E-05,,0.373637431,0,,
0.321603128,-0.315738025,,0.1809136,2.79E-05,,0.386671295,0,,
0.321603128,-0.315738025,,0.18272385,2.79E-05,,0.382226797,0,,
0.321603128,-0.315738025,,0.1845898,0,,0.389238295,0,,
0.321603128,-0.315738025,,0.18656715,2.79E-05,,0.369240968,0,,
0.321603128,-0.315738025,,0.1918865,0,,0.39778611,0,,
0.321603128,-0.315738025,,0.1930005,0,,0.396018486,0,,
0.321603128,-0.315738025,,0.19514495,0,,0.407983886,0,,
0.321603128,-0.315738025,,0.1963425,2.79E-05,,0.379234043,0,,
0.321603128,-0.315738025,,0.1985148,0,,0.419190969,0,,
0.321603128,-0.315738025,,0.20010225,0,,0.418168168,0,,
0.330400782,-0.324535679,,0.20216315,0,,0.416682252,0,,
0.330400782,-0.324535679,,0.2074268,2.79E-05,,0.417619494,0,,
0.330400782,-0.324535679,,0.2086522,0,,0.413128129,0,,
0.330400782,-0.324535679,,0.21040675,0,,0.401875902,0,,
0.330400782,-0.324535679,,0.2128297,0,,0.416215206,0,,
0.330400782,-0.324535679,,0.21408295,0,,0.428379158,0,,
0.330400782,-0.324535679,,0.21597675,2.79E-05,,0.430614612,0,,
0.356793744,-0.350928641,,0.21809335,0,,0.43011583,0,,
0.356793744,-0.350928641,,0.22065555,2.79E-05,,0.446403526,0,,
0.356793744,-0.350928641,,0.225028,2.79E-05,,0.411753835,0,,
0.356793744,-0.350928641,,0.2263091,2.79E-05,,0.407909191,0,,
0.356793744,-0.350928641,,0.227813,2.79E-05,,0.463876744,0,,
0.356793744,-0.350928641,,0.23090435,0,,0.434731707,0,,
0.356793744,-0.350928641,,0.23240825,0,,0.438237608,0,,
0.356793744,-0.350928641,,0.23519325,2.79E-05,,0.465038614,0,,
0.365591398,-0.359726295,,0.23658575,0,,0.46118816,0,,
0.365591398,-0.359726295,,0.24282415,0,,0.483611895,0,,
0.365591398,-0.359726295,,0.24377105,0,,0.471035941,0,,
0.365591398,-0.359726295,,0.24611045,0,,0.46099731,0,,
0.365591398,-0.359726295,,0.24839415,0,,0.450465022,0,,
0.365591398,-0.359726295,,0.25162475,0,,0.416215206,0,,
0.365591398,-0.359726295,,0.25246025,0,,0.457307061,0,,
0.365591398,-0.359726295,,0.25452115,2.79E-05,,0.463009144,0,,
0.365591398,-0.359726295,,0.25797455,0,,0.477701544,0,,
0.365591398,-0.359726295,,0.26209635,0,,0.483087598,0,,
0.365591398,-0.359726295,,0.2626255,2.79E-05,,0.478933792,0,,
0.365591398,-0.359726295,,0.266803,0,,0.462720665,0,,
0.365591398,-0.359726295,,0.2675271,2.79E-05,,0.464650678,0,,
0.365591398,-0.359726295,,0.26967155,0,,0.466401507,0,,
0.365591398,-0.359726295,,0.2720945,2.79E-05,,0.474446337,0,,
0.364613881,-0.360703812,,0.2743782,0,,0.481209503,0,,
0.364613881,-0.360703812,,0.2778873,2.79E-05,,0.490424829,0,,
0.364613881,-0.360703812,,0.281285,0,,0.463394343,0,,
0.364613881,-0.360703812,,0.2821762,0,,0.466792374,0,,
0.364613881,-0.360703812,,0.2850726,2.79E-05,,0.480172414,0,,
0.364613881,-0.360703812,,0.2873006,2.79E-05,,0.480690399,0,,
0.364613881,-0.360703812,,0.28966785,2.79E-05,,0.486994536,0,,
0.364613881,-0.31769306,,0.2915338,0,,0.469447956,0,,
0.318670577,-0.31769306,,0.2938732,2.79E-05,,0.464941569,0,,
0.318670577,-0.31769306,,0.29752155,2.79E-05,,0.46994305,0,,
0.318670577,-0.31769306,,0.30058505,0,,0.482459939,0,,
0.318670577,-0.31769306,,0.301894,0,,0.487207522,0,,
0.318670577,-0.31769306,,0.3044562,0,,0.494561598,0,,
0,-0.31769306,,0.30699055,0,,0.474143435,0,,
0,-0.31769306,,0.30860585,0,,0.45247766,0,,
0,0,,0.31055535,2.79E-05,,0.418796992,0,,
0,0,,0.31272765,2.79E-05,,0.417462994,0,,
0,0,,0.315819,2.79E-05,,0.350921405,0,,
0,0,,0.3175457,0,,0.335997587,0,,
0,0,,0.319161,2.79E-05,,0.33559271,0,,
0,0,,0.32091555,0,,0.395105515,0,,
0.289345064,0,,0.3225587,2.79E-05,,0.440751731,0,,
0.289345064,0,,0.32459175,2.79E-05,,0.472935682,0,,
0.289345064,-0.294232649,,0.32637415,2.79E-05,,0.480897906,0,,
0.289345064,-0.294232649,,0.32863,2.79E-05,,0.457776865,0,,
0.289345064,-0.294232649,,0.33255685,0,,0.448379956,0,,
0.289345064,-0.294232649,,0.33567605,2.79E-05,,0.4691514,0,,
0.289345064,-0.294232649,,0.3369293,0,,0.450373964,0,,
0.289345064,-0.294232649,,0.3393244,2.79E-05,,0.424138587,0,,
0.252199413,-0.294232649,,0.34052195,2.79E-05,,0.408208135,0,,
0.252199413,-0.294232649,,0.34224865,2.79E-05,,0.390056022,0,,
0.252199413,-0.26001955,,0.344226,0,,0.428791378,0,,
0.252199413,-0.26001955,,0.3485149,0,,0.425109712,0,,
0.252199413,-0.26001955,,0.35071505,0,,0.410615555,0,,
0.252199413,-0.26001955,,0.35210755,0,,0.437721022,0,,
0.252199413,-0.26001955,,0.3550318,2.79E-05,,0.419190969,0,,
0.252199413,-0.26001955,,0.3558673,2.79E-05,,0.431532055,0,,
0.252199413,-0.26001955,,0.3578725,2.79E-05,,0.423493632,0,,
0.252199413,-0.26001955,,0.35984985,0,,0.407387091,0,,
0.252199413,-0.26001955,,0.3615487,0,,0.427311086,0,,
0.252199413,-0.26001955,,0.3646679,2.79E-05,,0.420694864,0,,
0.252199413,-0.26001955,,0.3688454,2.79E-05,,0.403623188,0,,
0.252199413,-0.26001955,,0.36943025,0,,0.40701498,0,,
0.252199413,-0.26001955,,0.3716304,0,,0.431364956,0,,
0.187683284,-0.26001955,,0.3735242,0,,0.415982076,0,,
0.187683284,-0.26001955,,0.37544585,0,,0.419506684,0,,
0.187683284,-0.23655914,,0.3773118,2.79E-05,,0.39080863,0,,
0.187683284,-0.23655914,,0.37940055,2.79E-05,,0.417932846,0,,
0.187683284,-0.23655914,,0.38407935,0,,0.411449677,0,,
0.187683284,-0.23655914,,0.38541615,2.79E-05,,0.412134665,0,,
0.187683284,-0.23655914,,0.3869479,0,,0.391426564,0,,
0.187683284,-0.23655914,,0.3888417,0,,0.383081155,0,,
0.140762463,-0.23655914,,0.3906798,2.79E-05,,0.382949467,0,,
0.140762463,-0.23655914,,0.39210015,0,,0.373888236,0,,
0.140762463,-0.265884653,,0.3938547,2.79E-05,,0.375400168,0,,
0.140762463,-0.265884653,,0.39661185,2.79E-05,,0.34617775,0,,
0.140762463,-0.265884653,,0.39967535,2.79E-05,,0.379686435,0,,
0.140762463,-0.265884653,,0.40023235,0,,0.37949242,0,,
0.140762463,-0.265884653,,0.4032123,0,,0.390329362,0,,
0.140762463,-0.265884653,,0.40407565,2.79E-05,,0.390534619,0,,
-0.138807429,-0.265884653,,0.4055517,2.79E-05,,0.368325343,0,,
-0.138807429,-0.265884653,,0.40719485,0,,0.250280836,0,,
-0.138807429,-0.546432063,,0.40825315,0,,0.218559937,0,,
-0.138807429,-0.546432063,,0.4100634,2.79E-05,,0.269570478,0,,
-0.138807429,-0.546432063,,0.4132383,2.79E-05,,0.256593343,0,,
-0.138807429,-0.546432063,,0.4142966,2.79E-05,,0.283966352,0,,
-0.138807429,-0.546432063,,0.4151321,2.79E-05,,0.276152702,0,,
-0.138807429,-0.546432063,,0.4166917,0,,0.252951862,0,,
-0.138807429,-0.546432063,,0.41733225,2.79E-05,,0.239569892,0,,
-0.138807429,-0.546432063,,0.41866905,2.79E-05,,0.238825169,0,,
-0.138807429,-0.546432063,,0.42067425,2.79E-05,,0.234107387,0,,
-0.138807429,-0.546432063,,0.42223385,0,,0.233249581,0,,
-0.138807429,-0.546432063,,0.4229301,2.79E-05,,0.204610157,0,,
-0.138807429,-0.546432063,,0.4239327,0,,0.195370046,0,,
0.066471163,-0.546432063,,0.42468465,2.79E-05,,0.179532635,0,,
0.066471163,-0.546432063,,0.425548,2.79E-05,,0.170780316,0,,
0.066471163,-0.252199413,,0.4267177,2.79E-05,,0.312044818,0,,
0.066471163,-0.252199413,,0.4280545,2.79E-05,,0.287632326,0,,
0.066471163,-0.252199413,,0.43136865,0,,0.23364094,0,,
0.066471163,-0.252199413,,0.431675,2.79E-05,,0.232689295,0,,
0.066471163,-0.252199413,,0.43337385,2.79E-05,,0.240916955,0,,
0.066471163,-0.252199413,,0.43404225,0,,0.241021203,0,,
0.143695015,-0.252199413,,0.43526765,2.79E-05,,0.275435777,0,,
0.143695015,-0.252199413,,0.4366323,2.79E-05,,0.260706763,0,,
0.143695015,-0.138807429,,0.43805265,0,,0.27404674,0,,
0.143695015,-0.138807429,,0.4423137,2.79E-05,,0.270848529,0,,
0.143695015,-0.138807429,,0.44339985,2.79E-05,,0.263201418,0,,
0.143695015,-0.138807429,,0.4437619,2.79E-05,,0.243364282,0,,
0.143695015,-0.138807429,,0.44529365,0,,0.246187845,0,,
0.143695015,-0.138807429,,0.4462684,0,,0.252980584,0,,
0.143695015,-0.138807429,,0.44752165,0,,0.255827305,0,,
0.143695015,-0.138807429,,0.4488863,0,,0.259492197,0,,
0.143695015,-0.138807429,,0.45119785,2.79E-05,,0.252464589,0,,
0.143695015,-0.138807429,,0.45309165,2.79E-05,,0.256829971,0,,
0.143695015,-0.138807429,,0.45353725,2.79E-05,,0.251098839,0,,
0.134897361,-0.138807429,,0.45559815,0,,0.242701525,0,,
0.134897361,-0.138807429,,0.4560159,0,,0.254832437,0,,
0.134897361,-0.138807429,,0.4571299,0,,0.253700752,0,,
0.134897361,-0.130009775,,0.45827175,2.79E-05,,0.253038047,0,,
0.134897361,-0.130009775,,0.46022125,0,,0.249524023,0,,
0.134897361,-0.130009775,,0.46166945,2.79E-05,,0.246378414,0,,
0.134897361,-0.130009775,,0.4634797,2.79E-05,,0.252722323,0,,
0.134897361,-0.130009775,,0.4643152,2.79E-05,,0.262025168,0,,
0.134897361,-0.130009775,,0.4653178,2.79E-05,,0.243683692,0,,
0.132942326,-0.130009775,,0.4665432,0,,0.244057399,0,,
0.132942326,-0.130987292,,0.4676572,0,,0.241727243,0,,
0.132942326,-0.130987292,,0.46857625,0,,0.246160645,0,,
0.132942326,-0.130987292,,0.4722803,0,,0.236945656,0,,
0.132942326,-0.130987292,,0.47381205,0,,0.23800876,0,,
0.132942326,-0.130987292,,0.47425765,2.79E-05,,0.242886733,0,,
0.160312805,-0.130987292,,0.4756223,0,,0.245970413,0,,
0.160312805,-0.130987292,,0.47670845,2.79E-05,,0.244593259,0,,
0.160312805,-0.158357771,,0.47754395,0,,0.239518383,0,,
0.160312805,-0.158357771,,0.47876935,2.79E-05,,0.235941968,0,,
0.160312805,-0.158357771,,0.4817493,0,,0.222377483,0,,
0.160312805,-0.158357771,,0.48238985,2.79E-05,,0.214581527,0,,
0.160312805,-0.158357771,,0.48361525,2.79E-05,,0.249412292,0,,
0.214076246,-0.158357771,,0.48472925,2.79E-05,,0.230331852,0,,
0.214076246,-0.158357771,,0.48584325,0,,0.317514607,0,,
0.214076246,-0.158357771,,0.4870408,2.79E-05,,0.30528912,0,,
0.214076246,-0.210166178,,0.488489,0,,0.294280808,0,,
0.214076246,-0.210166178,,0.4921652,0,,0.250646867,0,,
0.214076246,-0.210166178,,0.4930564,0,,0.244969764,0,,
0.214076246,-0.210166178,,0.49403115,2.79E-05,,0.247858494,0,,
0.214076246,-0.210166178,,0.49481095,0,,0.261165162,0,,
0.443792766,-0.210166178,,0.49609205,0,,0.290975578,0,,
0.443792766,-0.210166178,,0.4977352,0,,0.338550372,0,,
0.443792766,-0.440860215,,0.4995176,0,,0.366507649,0,,
0.443792766,-0.440860215,,0.50260895,2.79E-05,,0.311303619,0,,
0.443792766,-0.440860215,,0.5048648,0,,0.304288446,0,,
0.443792766,-0.440860215,,0.5063687,0,,0.326829984,0,,
0.443792766,-0.440860215,,0.5067586,2.79E-05,,0.324734004,0,,
0.443792766,-0.440860215,,0.5089309,0,,0.291203764,0,,
0.443792766,-0.440860215,,0.50990565,0,,0.281953936,0,,
0.443792766,-0.440860215,,0.51140955,0,,0.374265076,0,,
0.443792766,-0.440860215,,0.51347045,0,,0.356251999,0,,
0.443792766,-0.440860215,,0.5160048,0,,0.368630046,0,,
0.443792766,-0.440860215,,0.51814925,0,,0.370161156,0,,
0.443792766,-0.440860215,,0.5194025,0,,0.368021143,0,,
0.443792766,-0.440860215,,0.5217976,2.79E-05,,0.370592149,0,,
0.585532747,-0.440860215,,0.5229116,0,,0.415516598,0,,
0.585532747,-0.582600196,,0.52628145,2.79E-05,,0.424866514,0,,
0.585532747,-0.582600196,,0.5269777,2.79E-05,,0.44391313,0,,
0.585532747,-0.582600196,,0.5288158,2.79E-05,,0.438496359,0,,
0.585532747,-0.582600196,,0.5351656,2.79E-05,,0.421650265,0,,
0.585532747,-0.582600196,,0.53630745,0,,0.427147239,0,,
0.585532747,-0.582600196,,0.53886965,0,,0.418796992,0,,
0.585532747,-0.582600196,,0.5400672,0,,0.458813839,0,,
0.585532747,-0.582600196,,0.54221165,0,,0.441712926,0,,
0.506353861,-0.502443793,,0.54438395,0,,0.429866872,0,,
0.506353861,-0.502443793,,0.54755885,0,,0.451286206,0,,
0.506353861,-0.502443793,,0.5512629,0,,0.447749196,0,,
0.506353861,-0.502443793,,0.55257185,2.79E-05,,0.463201663,0,,
0.506353861,-0.502443793,,0.55541255,0,,0.464069985,0,,
0.506353861,-0.502443793,,0.55697215,2.79E-05,,0.486994536,0,,
0.506353861,-0.502443793,,0.5598407,2.79E-05,,0.477496785,0,,
0.506353861,-0.502443793,,0.56131675,2.79E-05,,0.486675404,0,,
0.506353861,-0.502443793,,0.5634055,0,,0.500561672,0,,
0.506353861,-0.502443793,,0.56944895,0,,0.462816784,0,,
0.506353861,-0.502443793,,0.5710364,2.79E-05,,0.479242848,0,,
0.488758553,-0.502443793,,0.57351505,0,,0.472734988,0,,
0.488758553,-0.502443793,,0.57529745,0,,0.50395838,0,,
0.488758553,-0.484848485,,0.5768292,0,,0.497654679,0,,
0.488758553,-0.484848485,,0.57930785,0,,0.46994305,0,,
0.488758553,-0.484848485,,0.5817308,2.79E-05,,0.495111111,0,,
0.488758553,-0.484848485,,0.5854627,0,,0.48392702,0,,
0.488758553,-0.484848485,,0.58916675,0,,0.478316874,0,,
0.488758553,-0.484848485,,0.59067065,2.79E-05,,0.472334111,0,,
0.488758553,-0.484848485,,0.59373415,0,,0.506478745,0,,
0.488758553,-0.484848485,,0.5951545,2.79E-05,,0.507632718,0,,
0.488758553,-0.484848485,,0.5982737,0,,0.51007326,0,,
0.488758553,-0.484848485,,0.60019535,2.79E-05,,0.512066192,0,,
0.471163245,-0.467253177,,0.60242335,2.79E-05,,0.502254283,0,,
0.471163245,-0.467253177,,0.60977575,2.79E-05,,0.521657691,0,,
0.471163245,-0.467253177,,0.611586,0,,0.525100165,0,,
0.471163245,-0.467253177,,0.6133684,0,,0.52609209,0,,
0.471163245,-0.467253177,,0.6164319,2.79E-05,,0.520804114,0,,
0.315738025,-0.467253177,,0.6191055,0,,0.496545576,0,,
0.315738025,-0.467253177,,0.62058155,0,,0.487207522,0,,
0.315738025,-0.303030303,,0.62275385,0,,0.470240608,0,,
0.315738025,-0.303030303,,0.6279061,0,,0.501462975,0,,
0.315738025,-0.303030303,,0.63116455,0,,0.50521542,0,,
0.315738025,-0.303030303,,0.63289125,0,,0.489777973,0,,
0.315738025,-0.303030303,,0.6344787,2.79E-05,,0.495001111,0,,
0.315738025,-0.303030303,,0.6370409,0,,0.493575543,0,,
0.315738025,-0.303030303,,0.63968665,2.79E-05,,0.5037305,0,,
0.316715543,-0.284457478,,0.64185895,2.79E-05,,0.497321429,0,,
0.316715543,-0.284457478,,0.6440034,0,,0.519468408,0,,
0.316715543,-0.284457478,,0.6479581,2.79E-05,,0.506939704,0,,
0.316715543,-0.284457478,,0.65088235,2.79E-05,,0.504414761,0,,
0.316715543,-0.284457478,,0.65333315,0,,0.502254283,0,,
0.316715543,-0.284457478,,0.6560346,0,,0.501914846,0,,
0.352883675,-0.284457478,,0.6585411,2.79E-05,,0.509024446,0,,
0.352883675,-0.284457478,,0.6603235,0,,0.517657993,0,,
0.352883675,-0.248289345,,0.6625515,0,,0.510423826,0,,
0.352883675,-0.248289345,,0.67104575,2.79E-05,,0.51124369,0,,
0.352883675,-0.248289345,,0.67266105,2.79E-05,,0.511478421,0,,
0.352883675,-0.248289345,,0.67550175,2.79E-05,,0.496656264,0,,
0.352883675,-0.248289345,,0.67689425,0,,0.494781257,0,,
0.352883675,-0.248289345,,0.67895515,2.79E-05,,0.498657117,0,,
0.352883675,-0.174975562,,0.68157305,0,,0.518139535,0,,
0.373411535,-0.174975562,,0.68413525,2.79E-05,,0.520925883,0,,
0.373411535,-0.174975562,,0.6913484,2.79E-05,,0.523865507,0,,
0.373411535,-0.174975562,,0.69310295,0,,0.524358673,0,,
0.373411535,-0.174975562,,0.69494105,0,,0.525967894,0,,
0.373411535,-0.174975562,,0.69783745,0,,0.518621974,0,,
0.373411535,-0.174975562,,0.70095665,0,,0.508211679,0,,
0.373411535,-0.174975562,,0.70201495,2.79E-05,,0.520560748,0,,
0.367546432,-0.127077224,,0.70452145,0,,0.497321429,0,,
0.367546432,-0.127077224,,0.71042565,0,,0.508675799,0,,
0.367546432,-0.127077224,,0.71120545,2.79E-05,,0.528462998,0,,
0.367546432,-0.127077224,,0.71465885,0,,0.506133576,0,,
0.367546432,-0.127077224,,0.7175831,0,,0.52609209,0,,
0.411534702,-0.127077224,,0.7187528,0,,0.518742724,0,,
0.411534702,-0.127077224,,0.7210365,0,,0.538814994,0,,
0.411534702,-0.101661779,,0.72368225,0,,0.525967894,0,,
0.411534702,-0.101661779,,0.7269964,2.79E-05,,0.542488434,0,,
0.411534702,-0.101661779,,0.73159165,0,,0.526465028,0,,
0.411534702,-0.101661779,,0.73214865,2.79E-05,,0.551348676,0,,
0.411534702,-0.101661779,,0.73543495,0,,0.534677226,0,,
0.411534702,-0.101661779,,0.73844275,2.79E-05,,0.535319558,0,,
0.284457478,-0.101661779,,0.74033655,2.79E-05,,0.5331419,0,,
0.284457478,-0.101661779,,0.7425924,2.79E-05,,0.503275356,0,,
0.284457478,-0.263929619,,0.7450989,0,,0.48183391,0,,
0.284457478,-0.263929619,,0.748051,0,,0.467281879,0,,
0.284457478,-0.263929619,,0.753064,0,,0.491940826,0,,
0.284457478,-0.263929619,,0.7542337,0,,0.489240228,0,,
0.284457478,-0.263929619,,0.75637815,2.79E-05,,0.494891159,0,,
0.284457478,-0.263929619,,0.7587454,2.79E-05,,0.478316874,0,,
0.284457478,-0.263929619,,0.76055565,2.79E-05,,0.471235195,0,,
0.284457478,-0.263929619,,0.76295075,2.79E-05,,0.476271911,0,,
0.284457478,-0.263929619,,0.76529015,2.79E-05,,0.468953904,0,,
0.284457478,-0.263929619,,0.77147285,2.79E-05,,0.484032153,0,,
0.284457478,-0.263929619,,0.77258685,0,,0.480586713,0,,
0.284457478,-0.263929619,,0.77604025,0,,0.474648487,0,,
0.284457478,-0.263929619,,0.77754415,0,,0.484874864,0,,
0.299120235,-0.263929619,,0.7799114,0,,0.491398324,0,,
0.299120235,-0.263929619,,0.78177735,0,,0.486994536,0,,
0.299120235,-0.26686217,,0.7840332,0,,0.477701544,0,,
0.299120235,-0.26686217,,0.79041085,0,,0.48183391,0,,
0.299120235,-0.26686217,,0.79180335,2.79E-05,,0.48392702,0,,
1,-0.26686217,,0.79481115,2.79E-05,,0.611080636,0,,
1,-0.26686217,,0.79703915,0,,0.605599348,0,,
1,0.734115347,,0.80099385,2.79E-05,,0.659757181,0,,
1,0.734115347,,0.80277625,0,,0.67947545,0,,
1,0.734115347,,0.8060347,2.79E-05,,0.669069069,0,,
1,0.734115347,,0.80957165,0,,0.661716662,0,,
1,0.734115347,,0.81764815,2.79E-05,,0.689996903,0,,
1,0.734115347,,0.8200711,0,,0.69386484,0,,
1,0.734115347,,0.82422075,0,,0.680513134,0,,
1,0.734115347,,0.8261981,0,,0.674538299,0,,
1,0.734115347,,0.82839825,0,,0.659561871,0,,
1,0.734115347,,0.83162885,0,,0.668868208,0,,
1,0.786901271,,0.83497085,0,,0.706852792,0,,
1,0.786901271,,0.8451918,0,,0.721269019,0,,
1,0.786901271,,0.8461387,0,,0.75937287,0,,
1,0.786901271,,0.85078965,2.79E-05,,0.755254237,0,,
1,0.786901271,,0.8550507,2.79E-05,,0.779838992,0,,
1,0.786901271,,0.8595067,2.79E-05,,0.77847659,0,,
1,0.786901271,,0.86170685,2.79E-05,,0.760409556,0,,
1,0.848484848,,0.8654666,2.79E-05,,0.749411369,0,,
1,0.848484848,,0.8717607,2.79E-05,,0.733860343,0,,
1,0.848484848,,0.87696865,2.79E-05,,0.71570832,0,,
1,0.848484848,,0.8790017,2.79E-05,,0.701069855,0,,
1,0.848484848,,0.88242725,0,,0.691066998,0,,
1,0.848484848,,0.8870225,0,,0.634757835,0,,
1,0.848484848,,0.8881365,0,,0.640229885,0,,
1,0.617790811,,0.89083795,0,,0.62478968,0,,
0.936461388,0.617790811,,0.89379005,0,,0.599246907,0,,
0.936461388,0.617790811,,0.90086395,0,,0.621478382,0,,
0.936461388,0.617790811,,0.90342615,0,,0.650321074,0,,
0.936461388,0.617790811,,0.90604405,0,,0.661127596,0,,
0.936461388,0.617790811,,0.90877335,2.79E-05,,0.655486908,0,,
0.223851417,-0.112414467,,0.91077855,0,,0.635482031,0,,
0.223851417,-0.112414467,,0.91389775,2.79E-05,,0.596519411,0,,
0.223851417,-0.112414467,,0.9165992,0,,0.394965432,0,,
0.223851417,-0.112414467,,0.91930065,2.79E-05,,0.379298604,0,,
0.223851417,-0.112414467,,0.9233389,0,,0.448289738,0,,
0.223851417,-0.112414467,,0.9245643,2.79E-05,,0.417306612,0,,
0.223851417,-0.112414467,,0.9276278,0,,0.436178543,0,,
0.223851417,-0.112414467,,0.9281848,2.79E-05,,0.434307992,0,,
0.23655914,-0.112414467,,0.92999505,2.79E-05,,0.427475058,0,,
0.23655914,-0.112414467,,0.9321395,0,,0.429535377,0,,
0.23655914,-0.187683284,,0.93417255,2.79E-05,,0.415052161,0,,
0.23655914,-0.187683284,,0.93946405,0,,0.387680529,0,,
0.23655914,-0.187683284,,0.93990965,2.79E-05,,0.382095695,0,,
0.23655914,-0.187683284,,0.94169205,0,,0.360051713,0,,
0.23655914,-0.187683284,,0.944115,2.79E-05,,0.424542683,0,,
0.23655914,-0.187683284,,0.94586955,0,,0.417306612,0,,
0.23655914,-0.187683284,,0.947457,0,,0.399497938,0,,
0.23655914,-0.205278592,,0.9494065,0,,0.381768334,0,,
0.23655914,-0.205278592,,0.9545309,0,,0.409408306,0,,
0.23655914,-0.205278592,,0.95595125,0,,0.393987622,0,,
0.23655914,-0.205278592,,0.9573159,0,,0.392046454,0,,
0.23655914,-0.205278592,,0.9594882,2.79E-05,,0.385667301,0,,
0.232649071,-0.205278592,,0.96085285,0,,0.382883657,0,,
0.232649071,-0.205278592,,0.9626074,0,,0.382292382,0,,
0.232649071,-0.209188661,,0.9645569,0,,0.375843455,0,,
0.232649071,-0.209188661,,0.96686845,2.79E-05,,0.389034398,0,,
0.232649071,-0.209188661,,0.9700712,2.79E-05,,0.392184475,0,,
0.232649071,-0.209188661,,0.971965,2.79E-05,,0.391151685,0,,
0.232649071,-0.209188661,,0.97332965,0,,0.39384833,0,,
0.232649071,-0.209188661,,0.97533485,2.79E-05,,0.385333795,0,,
0.232649071,-0.209188661,,0.9766995,0,,0.381180496,0,,
0.232649071,-0.209188661,,0.9783148,2.79E-05,,0.384934347,0,,
0.232649071,-0.209188661,,0.98029215,0,,0.380919815,0,,
0.232649071,-0.209188661,,0.9826037,0,,0.388423989,0,,
0.232649071,-0.209188661,,0.9868926,0,,0.392529951,0,,
0.232649071,-0.209188661,,0.98758885,0,,0.39308398,0,,
0.232649071,-0.209188661,,0.9905688,2.79E-05,,0.382292382,0,,
0.232649071,-0.209188661,,0.9912929,2.79E-05,,0.375653347,0,,
0.223851417,-0.209188661,,0.99338165,2.79E-05,,0.374516726,0,,
0.223851417,-0.209188661,,0.99466275,2.79E-05,,0.375780064,0,,
0.223851417,-0.200391007,,0.99655655,0,,0.38693991,0,,
0.223851417,-0.200391007,,1.0018759,0,,0.366086099,0,,
0.223851417,-0.200391007,,1.0025443,2.79E-05,,0.367111551,0,,
0.223851417,-0.200391007,,1.00429885,0,,0.362984686,0,,
0.223851417,-0.200391007,,1.00674965,2.79E-05,,0.356138107,0,,
0.223851417,-0.200391007,,1.0080029,2.79E-05,,0.351530451,0,,
0.205278592,-0.183773216,,1.01020305,2.79E-05,,0.340516583,0,,
0.205278592,-0.183773216,,1.010955,2.79E-05,,0.351696922,0,,
0.205278592,-0.183773216,,1.01460335,0,,0.339996948,0,,
0.205278592,-0.183773216,,1.01633005,2.79E-05,,0.332537313,0,,
0.205278592,-0.183773216,,1.0174162,2.79E-05,,0.324876057,0,,
0.205278592,-0.183773216,,1.01816815,2.79E-05,,0.328565108,0,,
0.196480938,-0.183773216,,1.02017335,2.79E-05,,0.330661917,0,,
0.196480938,-0.183773216,,1.0224849,0,,0.338344723,0,,
0.196480938,-0.174975562,,1.023209,0,,0.33819065,0,,
0.196480938,-0.174975562,,1.02490785,0,,0.345640707,0,,
0.196480938,-0.174975562,,1.02908535,0,,0.33819065,0,,
0.196480938,-0.174975562,,1.0313412,2.79E-05,,0.326829984,0,,
0.196480938,-0.174975562,,1.032121,0,,0.326686217,0,,
0.196480938,-0.174975562,,1.03309575,0,,0.325302964,0,,
0.275659824,-0.174975562,,1.0347946,2.79E-05,,0.339117199,0,,
0.275659824,-0.255131965,,1.03654915,2.79E-05,,0.375463431,0,,
0.275659824,-0.255131965,,1.03838725,2.79E-05,,0.36063451,0,,
0.275659824,-0.255131965,,1.04317745,2.79E-05,,0.341246745,0,,
0.275659824,-0.255131965,,1.04412435,2.79E-05,,0.341665389,0,,
0.275659824,-0.255131965,,1.0456561,0,,0.331104176,0,,
0.275659824,-0.255131965,,1.0471043,0,,0.338807786,0,,
0.301075269,-0.255131965,,1.04852465,0,,0.366146261,0,,
0.301075269,-0.282502444,,1.05036275,0,,0.346016462,0,,
0.301075269,-0.282502444,,1.0520059,0,,0.347256858,0,,
0.301075269,-0.282502444,,1.05509725,0,,0.340881273,0,,
0.301075269,-0.282502444,,1.05671255,0,,0.337320212,0,,
0.301075269,-0.282502444,,1.05793795,0,,0.348997494,0,,
0.301075269,-0.282502444,,1.06083435,0,,0.352531646,0,,
0.315738025,-0.282502444,,1.0615306,0,,0.348451673,0,,
0.315738025,-0.282502444,,1.0636472,0,,0.353594668,0,,
0.315738025,-0.303030303,,1.06451055,0,,0.355456286,0,,
0.315738025,-0.303030303,,1.06723985,0,,0.359819121,0,,
0.315738025,-0.303030303,,1.069997,0,,0.362453229,0,,
0.315738025,-0.303030303,,1.071111,2.79E-05,,0.404796512,0,,
0.315738025,-0.303030303,,1.07325545,0,,0.359528804,0,,
0.315738025,-0.303030303,,1.0746201,2.79E-05,,0.355853697,0,,
0.315738025,-0.303030303,,1.07626325,0,,0.366326866,0,,
0.315738025,-0.303030303,,1.07798995,0,,0.374894834,0,,
0.395894428,-0.400782014,,1.0795774,0,,0.386470078,0,,
0.395894428,-0.400782014,,1.08539805,0,,0.390466176,0,,
0.395894428,-0.400782014,,1.08695765,2.79E-05,,0.381964684,0,,
0.395894428,-0.400782014,,1.08874005,0,,0.410086508,0,,
0.395894428,0,,1.0909959,0,,0.390671576,0,,
0,0,,1.0918314,0,,0.355116353,0,,
0,0,,1.09330745,2.79E-05,,0.322431259,0,,
0,0,,1.09481135,2.79E-05,,0.315045249,0,,
0,0,,1.09748495,2.79E-05,,0.196976395,0,,
0,0,,1.0989053,0,,0.252521818,0,,
0,0,,1.0998522,2.79E-05,,0.30169262,0,,
0,0,,1.10155105,2.79E-05,,0.350479786,0,,
0,0,,1.1026372,2.79E-05,,0.346285359,0,,
0.231671554,0,,1.1041411,2.79E-05,,0.354946631,0,,
0.231671554,-0.228739003,,1.10583995,0,,0.337985437,0,,
0.231671554,-0.228739003,,1.107316,0,,0.316118048,0,,
0.231671554,-0.228739003,,1.11252395,2.79E-05,,0.372637565,0,,
0.231671554,-0.228739003,,1.11341515,0,,0.374768713,0,,
0.231671554,-0.228739003,,1.11553175,2.79E-05,,0.369424639,0,,
0.231671554,-0.228739003,,1.11647865,0,,0.360926616,0,,
0.231671554,-0.228739003,,1.11820535,2.79E-05,,0.341927563,0,,
0.231671554,-0.228739003,,1.11982065,0,,0.32702187,0,,
0.231671554,-0.227761486,,1.1214081,2.79E-05,,0.315536043,0,,
0.231671554,-0.227761486,,1.12455515,2.79E-05,,0.337014067,0,,
0.231671554,-0.227761486,,1.1265325,2.79E-05,,0.337678084,0,,
0.231671554,-0.227761486,,1.12722875,2.79E-05,,0.331350387,0,,
0.231671554,-0.227761486,,1.1288719,0,,0.335239242,0,,
0.231671554,-0.227761486,,1.13062645,0,,0.320252983,0,,
0.231671554,-0.227761486,,1.132381,0,,0.32416703,0,,
0.231671554,-0.227761486,,1.1333279,0,,0.330074074,0,,
0.231671554,-0.227761486,,1.13513815,0,,0.315446694,0,,
0.231671554,-0.227761486,,1.1386194,2.79E-05,,0.306422775,0,,
0.231671554,-0.227761486,,1.13964985,0,,0.330760095,0,,
0.231671554,-0.227761486,,1.14109805,2.79E-05,,0.312438648,0,,
0.231671554,-0.227761486,,1.1422956,0,,0.314911661,0,,
0.314760508,-0.227761486,,1.1436324,2.79E-05,,0.334534535,0,,
0.314760508,-0.227761486,,1.1454148,2.79E-05,,0.359644875,0,,
0.314760508,-0.304985337,,1.1471415,2.79E-05,,0.353763099,0,,
0.314760508,-0.304985337,,1.1497037,0,,0.34319162,0,,
0.314760508,-0.304985337,,1.15156965,0,,0.344784896,0,,
0.314760508,-0.304985337,,1.1544382,0,,0.364409552,0,,
0.314760508,-0.304985337,,1.15507875,2.79E-05,,0.35958683,0,,
0.314760508,-0.304985337,,1.1569447,2.79E-05,,0.358718403,0,,
0.314760508,-0.304985337,,1.1595069,0,,0.345319281,0,,
0.314760508,-0.304985337,,1.16031455,0,,0.358199357,0,,
0.314760508,-0.304985337,,1.161902,0,,0.369424639,0,,
0.314760508,-0.304985337,,1.1650769,0,,0.346608587,0,,
0.314760508,-0.304985337,,1.16800115,0,,0.377115775,0,,
0.314760508,-0.304985337,,1.16844675,2.79E-05,,0.374076561,0,,
0.314760508,-0.304985337,,1.17056335,0,,0.351585924,0,,
0.302052786,-0.304985337,,1.17295845,0,,0.353034384,0,,
0.302052786,-0.304985337,,1.174156,2.79E-05,,0.376414935,0,,
0.302052786,-0.281524927,,1.1753814,0,,0.366206443,0,,
0.302052786,-0.281524927,,1.17808285,2.79E-05,,0.353875476,0,,
0.302052786,-0.281524927,,1.1811185,2.79E-05,,0.373637431,0,,
0.302052786,-0.281524927,,1.18231605,0,,0.357969152,0,,
0.302052786,-0.281524927,,1.18404275,2.79E-05,,0.367111551,0,,
0.302052786,-0.281524927,,1.18593655,0,,0.369179785,0,,
0.302052786,-0.281524927,,1.18699485,2.79E-05,,0.365245902,0,,
0.302052786,-0.281524927,,1.188638,2.79E-05,,0.361394972,0,,
0.318670577,-0.282502444,,1.1904204,2.79E-05,,0.367899604,0,,
0.318670577,-0.282502444,,1.19507135,0,,0.363043832,0,,
0.318670577,-0.282502444,,1.1966031,2.79E-05,,0.384867853,0,,
0.318670577,-0.282502444,,1.1990539,2.79E-05,,0.383873191,0,,
0.318670577,-0.282502444,,1.19980585,0,,0.379104986,0,,
0.318670577,-0.282502444,,1.20259085,0,,0.404649473,0,,
0.318670577,-0.282502444,,1.20353775,0,,0.402383962,0,,
0.346041056,-0.255131965,,1.2051252,2.79E-05,,0.396653018,0,,
0.346041056,-0.255131965,,1.2074646,0,,0.392876036,0,,
0.346041056,-0.255131965,,1.2118092,0,,0.383081155,0,,
0.684261975,-0.255131965,,1.21412075,2.79E-05,,0.452753505,0,,
0.684261975,-0.255131965,,1.21651585,0,,0.502254283,0,,
0.684261975,-0.041055718,,1.22136175,2.79E-05,,0.517057322,0,,
0.684261975,-0.041055718,,1.223172,2.79E-05,,0.493575543,0,,
0.684261975,-0.041055718,,1.22475945,2.79E-05,,0.495551601,0,,
0.684261975,-0.041055718,,1.22748875,0,,0.477906478,0,,
0.720430108,-0.041055718,,1.2300788,2.79E-05,,0.519710753,0,,
0.720430108,-0.041055718,,1.23222325,0,,0.514193399,0,,
0.720430108,0,,1.2341449,2.79E-05,,0.521657691,0,,
0.720430108,0,,1.24208215,2.79E-05,,0.549987657,0,,
0.720430108,0,,1.2431126,2.79E-05,,0.60609358,0,,
0.720430108,0,,1.2463432,0,,0.606753813,0,,
0.720430108,0,,1.24921175,0,,0.619577308,0,,
1,0,,1.2519689,0,,0.604777416,0,,
1,0,,1.25500455,0,,0.694730278,0,,
1,0.598240469,,1.2585972,0,,0.691710649,0,,
1,0.598240469,,1.26742565,2.79E-05,,0.608410705,0,,
1,0.598240469,,1.27143605,0,,0.576455369,0,,
1,0.598240469,,1.2722437,0,,0.540121212,0,,
1,0.598240469,,1.2752515,0,,0.551212271,0,,
1,0.598240469,,1.27767445,2.79E-05,,0.568367347,0,,
1,0.183773216,,1.280543,2.79E-05,,0.596200161,0,,
0.910068426,0.183773216,,1.283328,2.79E-05,,0.620094628,0,,
0.910068426,0.183773216,,1.29377175,2.79E-05,,0.820626151,0,,
0.910068426,0.183773216,,1.29549845,0,,0.849085366,0,,
0.910068426,0.183773216,,1.30034435,0,,0.90642799,0,,
0.910068426,0.183773216,,1.303937,0,,0.954993571,0,,
0.393939394,0.183773216,,1.30775245,0,,0.91274068,0,,
0.393939394,-0.348973607,,1.3120692,2.79E-05,,0.862562911,0,,
0.393939394,-0.348973607,,1.31627455,0,,0.800862689,0,,
0.393939394,-0.348973607,,1.32613345,0,,0.495882484,0,,
0.393939394,-0.348973607,,1.32713605,0,,0.484663911,0,,
0.393939394,-0.348973607,,1.33019955,2.79E-05,,0.367960363,0,,
0.393939394,-0.348973607,,1.33123,2.79E-05,,0.349161573,0,,
0.393939394,-0.348973607,,1.33315165,0,,0.295060257,0,,
0.393939394,-0.348973607,,1.33404285,0,,0.291013584,0,,
0.393939394,-0.348973607,,1.33615945,0,,0.259160172,0,,
0.393939394,-0.348973607,,1.33732915,0,,0.239004505,0,,
0.393939394,-0.348973607,,1.33911155,0,,0.217790811,0,,
0.393939394,-0.348973607,,1.33961285,0,,0.211425318,0,,
0.355816227,-0.348973607,,1.34172945,0,,0.311434163,0,,
0.355816227,-0.348973607,,1.34245355,0,,0.301488498,0,,
0.355816227,-0.33431085,,1.344598,0,,0.287669464,0,,
0.355816227,-0.33431085,,1.34496005,0,,0.281313131,0,,
0.355816227,-0.33431085,,1.34752225,0,,0.261563747,0,,
0.355816227,-0.33431085,,1.34924895,0,,0.27147557,0,,
0.355816227,-0.33431085,,1.35019585,0,,0.304454769,0,,
0.355816227,-0.33431085,,1.35169975,2.79E-05,,0.304122304,0,,
0.336265885,-0.33431085,,1.35331505,0,,0.295843845,0,,
0.336265885,-0.33431085,,1.35470755,0,,0.30781984,0,,
0.336265885,-0.318670577,,1.35621145,0,,0.316702203,0,,
0.336265885,-0.318670577,,1.35777105,2.79E-05,,0.314023961,0,,
0.336265885,-0.318670577,,1.3609738,2.79E-05,,0.310306407,0,,
0.336265885,-0.318670577,,1.36189285,0,,0.318558765,0,,
0.336265885,-0.318670577,,1.36445505,2.79E-05,,0.288825512,0,,
0.336265885,-0.318670577,,1.3648728,0,,0.284292459,0,,
0.336265885,-0.318670577,,1.3659311,0,,0.264545239,0,,
0.336265885,-0.318670577,,1.3673793,0,,0.250929159,0,,
0.318670577,-0.301075269,,1.3684376,0,,0.242913214,0,,
0.318670577,-0.301075269,,1.37080485,0,,0.21866719,0,,
0.318670577,-0.301075269,,1.3717796,2.79E-05,,0.208127043,0,,
0.318670577,-0.301075269,,1.37214165,2.79E-05,,0.198946334,0,,
0.318670577,-0.301075269,,1.37308855,2.79E-05,,0.191573517,0,,
0.318670577,-0.301075269,,1.374119,0,,0.174772513,0,,
0.318670577,-0.301075269,,1.3748988,0,,0.165675193,0,,
0.318670577,-0.301075269,,1.3754558,2.79E-05,,0.048886451,0,,
0.318670577,-0.301075269,,1.37559505,0,,0.040456865,0,,
0.318670577,-0.301075269,,1.37565075,0,,0.019030211,0,,
0.318670577,-0.301075269,,1.3756229,0,,0.019030211,0,,
0.318670577,-0.301075269,,1.3756229,2.79E-05,,0.019030211,0,,
0.318670577,-0.301075269,,1.3756229,2.79E-05,,0.019030211,0,,
0.309872923,-0.301075269,,1.3755672,2.79E-05,,0,0,,
0.309872923,-0.301075269,,1.37548365,2.79E-05,,-0.013643183,0,,
0.309872923,-0.291300098,,1.37531655,0,,-0.040927293,0,,
0.309872923,-0.291300098,,1.3750659,0,,-0.055260678,0,,
0.309872923,-0.291300098,,1.37459245,0,,-0.029198228,0,,
0.309872923,-0.291300098,,1.37453675,0,,-0.022694631,0,,
0.309872923,-0.291300098,,1.37436965,2.79E-05,,-0.039849046,0,,
0.309872923,-0.291300098,,1.3741747,0,,-0.039221209,0,,
0.309872923,-0.291300098,,1.37403545,0,,-0.032936168,0,,
0.309872923,-0.291300098,,1.37397975,2.79E-05,,-0.020501307,0,,
0.318670577,-0.301075269,,1.37392405,0,,-0.01139881,0,,
0.318670577,-0.301075269,,1.37381265,0,,-0.017036635,0,,
0.318670577,-0.301075269,,1.3737291,0,,-0.013199365,0,,
0.318670577,-0.301075269,,1.37370125,0,,-0.011361318,0,,
0.318670577,-0.301075269,,1.37370125,2.79E-05,,-0.011361318,0,,
0.318670577,-0.301075269,,1.3737291,0,,-0.011361318,0,,
0.362658847,-0.301075269,,1.3737291,0,,-0.011361318,0,,
0.362658847,-0.301075269,,1.3737291,0,,-0.011361318,0,,
0.362658847,-0.345063539,,1.37375695,0,,-0.0016592,0,,
0.362658847,-0.345063539,,1.37375695,2.79E-05,,-0.0016592,0,,
0.362658847,-0.345063539,,1.37375695,0,,-0.0016592,0,,
0.362658847,-0.345063539,,1.37375695,2.79E-05,,-0.0016592,0,,
0.362658847,-0.345063539,,1.37375695,0,,-0.0016592,0,,
0.362658847,-0.345063539,,1.37375695,2.79E-05,,-0.0016592,0,,
0.362658847,-0.345063539,,1.37375695,0,,-0.0016592,0,,
0.380254154,-0.362658847,,1.37381265,0,,8.28E-04,0,,
0.380254154,-0.362658847,,1.3740633,2.79E-05,,0.026105806,0,,
0.380254154,-0.362658847,,1.37414685,2.79E-05,,0.026864736,0,,
0.380254154,-0.362658847,,1.3742861,2.79E-05,,0.030905383,0,,
0.380254154,-0.362658847,,1.37448105,2.79E-05,,0.03277531,0,,
0.380254154,-0.362658847,,1.3745646,2.79E-05,,0.03146626,0,,
0.380254154,-0.362658847,,1.3747317,0,,0.037078951,0,,
0.434017595,-0.41544477,,1.37492665,2.79E-05,,0.038504744,0,,
0.434017595,-0.41544477,,1.37520515,0,,0.032690191,0,,
0.434017595,-0.41544477,,1.3755672,2.79E-05,,0.040437773,0,,
0.434017595,-0.41544477,,1.37565075,0,,0.042528012,0,,
0.434017595,-0.41544477,,1.3759014,0,,0.032911355,0,,
0.434017595,-0.41544477,,1.3759571,2.79E-05,,0.033427354,0,,
0.434017595,-0.41544477,,1.3761242,2.79E-05,,0.035192469,0,,
0.434017595,-0.41544477,,1.3762913,0,,0.039002871,0,,
0.434017595,-0.41544477,,1.3765141,2.79E-05,,0.042788554,0,,
0.434017595,-0.41544477,,1.3769597,2.79E-05,,0.043813419,0,,
0.434017595,-0.41544477,,1.37726605,0,,0.04569038,0,,
0.434017595,-0.41544477,,1.37732175,0,,0.045854,0,,
0.434017595,-0.41544477,,1.3776281,2.79E-05,,0.047993452,0,,
0.434017595,-0.41544477,,1.3779066,0,,0.051184268,0,,
0.434017595,-0.41544477,,1.37810155,0,,0.051981988,0,,
0.460410557,-0.442815249,,1.37832435,2.79E-05,,0.052723745,0,,
0.460410557,-0.442815249,,1.3789649,0,,0.044267832,0,,
0.460410557,-0.442815249,,1.3790206,2.79E-05,,0.045022835,0,,
0.460410557,-0.442815249,,1.37921555,0,,0.036861785,0,,
0.460410557,-0.442815249,,1.37932695,0,,0.027554137,0,,
0.309872923,-0.442815249,,1.3793548,0,,0.019177634,0,,
0.309872923,-0.442815249,,1.37932695,0,,0.019177634,0,,
0.309872923,-0.291300098,,1.37932695,0,,0.019177634,0,,
0.309872923,-0.291300098,,1.37932695,0,,0.019177634,0,,
0.309872923,-0.291300098,,1.37932695,0,,0.019177634,0,,
0,-0.291300098,,1.37932695,0,,0.019177634,0,,
0,-0.291300098,,1.37921555,2.79E-05,,-0.003182393,0,,
0,0,,1.3787978,2.79E-05,,-0.10601951,0,,
0,0,,1.3784079,2.79E-05,,-0.090823856,0,,
0,0,,1.37804585,0,,-0.06591911,0,,
0,0,,1.37748885,2.79E-05,,-0.072497722,0,,
0,0,,1.3766812,0,,-0.07875296,0,,
0,0,,1.3765141,2.79E-05,,-0.076356284,0,,
0,0,,1.3761799,2.79E-05,,-0.073402959,0,,
0,0,,1.3754001,2.79E-05,,-0.08479866,0,,SpitCubeCube
0,0,,1.37470385,0,,-0.081210133,0,,
0,0,,1.3745646,0,,-0.078406532,0,,
0,0,,1.3741747,2.79E-05,,-0.083505116,0,,
0,0,,1.37381265,2.79E-05,,-0.075247391,0,,
0,0,,1.3732835,2.79E-05,,-0.07842033,0,,
0,0,,1.37308855,0,,-0.083258595,0,,
0,0,,1.37236445,0,,-0.078329349,0,,SpitCubeCube
0,0,,1.37191885,0,,-0.069581512,0,,
0,0,,1.3717239,2.79E-05,,-0.075712781,0,,
0,0,,1.37136185,2.79E-05,,-0.067201544,0,,
0,0,,1.3710555,2.79E-05,,-0.067930971,0,,
0,0,,1.37086055,2.79E-05,,-0.059516495,0,,
0,0,,1.3704985,0,,-0.072970229,0,,
0,0,,1.37019215,0,,-0.057685835,0,,
0,0,,1.3694959,0,,-0.058260551,0,,SpitCubeCube
0,0,,1.3693845,0,,-0.059728701,0,,
0,0,,1.36907815,0,,-0.053829427,0,,
0,0,,1.3688275,2.79E-05,,-0.053624723,0,,
0,0,,1.36863255,0,,-0.049799951,0,,
0,0,,1.36835405,0,,-0.056960245,0,,
0,0,,1.3681034,2.79E-05,,-0.051045891,0,,
0,0,,1.36774135,0,,-0.051223101,0,,
0,0,,1.367435,0,,-0.050994484,0,,
0,0,,1.36735145,2.79E-05,,-0.047110566,0,,
0,0,,1.36718435,2.79E-05,,-0.037124052,0,,
0,0,,1.36701725,2.79E-05,,-0.03353553,0,,
0,0,,1.36690585,0,,-0.026874457,0,,
0,0,,1.3667666,0,,-0.027293887,0,,
0,0,,1.36662735,2.79E-05,,-0.029284193,0,,
0,0,,1.366321,2.79E-05,,-0.029747917,0,,SpitCubeCube
0,0,,1.3661539,2.79E-05,,-0.02589072,0,,
0,0,,1.36612605,2.79E-05,,-0.026063967,0,,
0,0,,1.36595895,2.79E-05,,-0.024907491,0,,
0,0,,1.3658754,0,,-0.021462287,0,,
0,0,,1.36579185,0,,-0.022583523,0,,
0,0,,1.3656526,2.79E-05,,-0.024459326,0,,
0,0,,1.36551335,2.79E-05,,-0.027396923,0,,
0,0,,1.36534625,2.79E-05,,-0.025191936,0,,
0,0,,1.3651513,2.79E-05,,-0.021682432,0,,
0,0,,1.36501205,0,,-0.021295102,0,,
0,0,,1.36490065,2.79E-05,,-0.022006894,0,,
0,0,,1.36484495,0,,-0.022195657,0,,
0,0,,1.36473355,2.79E-05,,-0.020764793,0,,
0,0,,1.36465,0,,-0.019704259,0,,
0,0,,1.3645386,2.79E-05,,-0.018863611,0,,
0,0,,1.36439935,2.79E-05,,-0.018146278,0,,
0,0,,1.36434365,2.79E-05,,-0.017179693,0,,
0,0,,1.3642601,0,,-0.016575284,0,,
0,0,,1.36417655,2.79E-05,,-0.016296199,0,,
0,0,,1.36412085,0,,-0.01594036,0,,
0,0,,1.36406515,0,,-0.014490114,0,,
0,0,,1.36400945,2.79E-05,,-0.012866341,0,,
0,0,,1.36389805,2.79E-05,,-0.012691252,0,,
0,0,,1.3638702,0,,-0.009411924,0,,
0,0,,1.36384235,2.79E-05,,-0.009411924,0,,
0,0,,1.36384235,2.79E-05,,-0.009411924,0,,
0,0,,1.36378665,0,,-0.006987502,0,,
0,0,,1.36378665,2.79E-05,,-0.006987502,0,,
0,0,,1.36378665,0,,-0.006987502,0,,
0,0,,1.36378665,0,,-0.006987502,0,,
0,0,,1.3637588,0,,-0.003466167,0,,SpitCubeCube
0,0,,1.3637588,0,,-0.003466167,0,,
0,0,,1.3637588,0,,-0.003466167,0,,
0,0,,1.3637588,0,,-0.003466167,0,,
0,0,,1.3637588,0,,-0.003466167,0,,
0,0,,1.3637588,0,,-0.003466167,0,,
0,0,,1.3637588,0,,-0.003466167,0,,
0,0,,1.3637588,0,,-0.003466167,0,,
0,0,,1.3637588,2.79E-05,,-0.003466167,0,,SpitCubeCube
0,0,,1.36378665,0,,-0.003466167,0,,
0,0,,1.36378665,0,,-0.003466167,0,,
0,0,,1.36378665,0,,-0.003466167,0,,
0,0,,1.36384235,0,,0,0,,
0,0,,1.36384235,0,,0,0,,
0,0,,1.36389805,2.79E-05,,0.001468762,0,,
0,0,,1.3639259,2.79E-05,,0.006720317,0,,SpitCubeCube
0,0,,1.3639259,0,,0.006720317,0,,
0,0,,1.3639259,0,,0.006720317,0,,
0,0,,1.3639259,2.79E-05,,0.006720317,0,,
0,0,,1.3639259,2.79E-05,,0.006720317,0,,
0,0,,1.3639259,2.79E-05,,0.006720317,0,,
0,0,,1.3639259,0,,0.006720317,0,,
0,0,,1.3639259,2.79E-05,,0.006720317,0,,
0,0,,1.3639259,2.79E-05,,0.006720317,0,,SpitCubeCube
0,0,,1.3639259,2.79E-05,,0.006720317,0,,
0,0,,1.3639259,0,,0.006720317,0,,
0,0,,1.3639259,0,,0.006720317,0,,
0,0,,1.3639259,2.79E-05,,0.006720317,0,,
0,0,,1.3639259,2.79E-05,,0.006720317,0,,
0,0,,1.3639259,0,,0.006720317,0,,
0,0,,1.3639259,0,,0.006720317,0,,
0,0,,1.3639259,2.79E-05,,0.006720317,0,,
0,0,,1.3639259,2.79E-05,,0.006720317,0,,
0,0,,1.3639259,2.79E-05,,0.006720317,0,,
0,0,,1.3639259,2.79E-05,,0.006720317,0,,
0,0,,1.3639259,2.79E-05,,0.006720317,0,,
0,0,,1.3639259,2.79E-05,,0.006720317,0,,
0,0,,1.3639259,0,,0.006720317,0,,SpitCubeCube
0,0,,1.3639259,0,,0.006720317,0,,
0,0,,1.3639259,0,,0.006720317,0,,
0,0,,1.3639259,2.79E-05,,0.006720317,0,,
0,0,,1.3639259,2.79E-05,,0.006720317,0,,
0,0,,1.3639259,2.79E-05,,0.006720317,0,,
0,0,,1.3639259,2.79E-05,,0.006720317,0,,
0,0,,1.3639259,2.79E-05,,0.006720317,0,,
0,0,,1.3639259,2.79E-05,,0.006720317,0,,
0,0,,1.3639259,2.79E-05,,0.006720317,0,,
0,0,,1.3639259,0,,0.006720317,0,,
0,0,,1.3639259,0,,0.006720317,0,,
0,0,,1.3639259,0,,0.006720317,0,,
0,0,,1.3639259,0,,0.006720317,0,,
0,0,,1.3639259,0,,0.006720317,0,,
0,0,,1.3639259,0,,0.006720317,0,,
0,0,,1.3639259,0,,0.006720317,0,,
0,0,,1.3639259,0,,0.006720317,0,,
0,0,,1.3639259,0,,0.006720317,0,,
0,0,,1.3639259,0,,0.006720317,0,,
0,0,,1.3639259,0,,0.006720317,0,,
0,0,,1.3639259,0,,0.006720317,0,,
0,0,,1.3639259,0,,0.006720317,0,,
0,0,,1.3639259,0,,0.006720317,0,,
0,0,,1.3639259,0,,0.006720317,0,,
0,0,,1.3639259,0,,0.006720317,0,,
0,0,,1.3639259,0,,0.006720317,0,,
0,0,,1.3639259,0,,0.006720317,0,,
0,0,,1.3639259,0,,0.006720317,0,,
0,0,,1.3639259,0,,0.006720317,0,,
0,0,,1.3639259,0,,0.006720317,0,,
0,0,,1.3639259,0,,0.006720317,0,,
0,0,,1.3639259,0,,0.006720317,0,,
0,0,,1.3639259,0,,0.006720317,0,,
0,0,,1.3639259,0,,0.006720317,0,,
0,0,,1.3639259,0,,0.006720317,0,,
0,0,,1.3639259,0,,0.006720317,0,,
0,0,,1.3639259,0,,0.006720317,0,,
0,0,,1.3639259,0,,0.006720317,0,,
0,0,,1.3639259,0,,0.006720317,0,,
0,0,,1.3639259,0,,0.006720317,0,,
0,0,,1.3639259,0,,0.006720317,0,,
0,0,,1.3639259,2.79E-05,,0.006720317,0,,
0,0,,1.3639259,2.79E-05,,0.006720317,0,,
0,0,,1.3639259,2.79E-05,,0.006720317,0,,
0,0,,1.3639259,2.79E-05,,0.006720317,0,,
0,0,,1.3639259,2.79E-05,,0.006720317,0,,
0,0,,1.3639259,2.79E-05,,0.006720317,0,,
0,0,,1.3639259,2.79E-05,,0.006720317,0,,
0,0,,1.3639259,2.79E-05,,0.006720317,0,,
0,0,,1.3639259,2.79E-05,,0.006720317,0,,
0,0,,1.3639259,2.79E-05,,0.006720317,0,,
0,0,,1.3639259,2.79E-05,,0.006720317,0,,
0,0,,1.3639259,2.79E-05,,0,0,,
0,0,,1.3639259,2.79E-05,,0,0,,
0,0,,1.3639259,2.79E-05,,0,0,,
0,0,,1.3639259,2.79E-05,,0,0,,
0,0,,1.3639259,2.79E-05,,0,0,,
0,0,,1.3639259,2.79E-05,,0,0,,
0,0,,1.3639259,2.79E-05,,0,0,,
0,0,,1.3639259,2.79E-05,,0,0,,
0,0,,1.3639259,2.79E-05,,0,0,,
0,0,,1.3639259,2.79E-05,,0,0,,
0,0,,1.3639259,2.79E-05,,0,0,,
0,0,,1.3639259,2.79E-05,,0,0,,
0,0,,1.3639259,2.79E-05,,0,0,,
0,0,,1.3639259,2.79E-05,,0,0,,
0,0,,1.3639259,2.79E-05,,0,0,,
0,0,,1.3639259,2.79E-05,,0,0,,
0,0,,1.3639259,2.79E-05,,0,0,,
0,0,,1.3639259,2.79E-05,,0,0,,
0,0,,1.3639259,2.79E-05,,0,0,,
0,0,,1.3639259,2.79E-05,,0,0,,
0,0,,1.3639259,2.79E-05,,0,0,,
0,0,,1.3639259,2.79E-05,,0,0,,
0,0,,1.3639259,2.79E-05,,0,0,,
0,0,,1.3639259,2.79E-05,,0,0,,
0,0,,1.3639259,2.79E-05,,0,0,,
0,0,,1.3639259,2.79E-05,,0,0,,
0,0,,1.3639259,2.79E-05,,0,0,,
0,0,,1.3639259,2.79E-05,,0,0,,
0,0,,1.3639259,2.79E-05,,0,0,,
0,0,,1.3639259,2.79E-05,,0,0,,
0,0,,1.3639259,2.79E-05,,0,0,,
0,0,,1.3639259,2.79E-05,,0,0,,
0,0,,1.3639259,2.79E-05,,0,0,,
0,0,,1.3639259,2.79E-05,,0,0,,
0,0,,1.3639259,2.79E-05,,0,0,,
0,0,,1.3639259,2.79E-05,,0,0,,
0,0,,1.3639259,2.79E-05,,0,0,,CancelCubeCube
0,0,,1.3639259,2.79E-05,,0,0,,
0,0,,1.3639259,2.79E-05,,0,0,,
0,0,,1.3639259,2.79E-05,,0,0,,
0,0,,1.3639259,2.79E-05,,0,0,,
0,0,,1.3639259,2.79E-05,,0,0,,
0,0,,1.3639259,2.79E-05,,0,0,,
0,0,,1.3639259,2.79E-05,,0,0,,
0,0,,1.3639259,2.79E-05,,0,0,,
0,0,,1.3639259,2.79E-05,,0,0,,
0,0,,1.3639259,2.79E-05,,0,0,,
0,0,,1.3639259,2.79E-05,,0,0,,
0,0,,1.3639259,2.79E-05,,0,0,,
0,0,,1.3639259,2.79E-05,,0,0,,
0,0,,1.3639259,2.79E-05,,0,0,,
0,0,,1.3639259,2.79E-05,,0,0,,
0,0,,1.3639259,2.79E-05,,0,0,,
0,0,,1.3639259,2.79E-05,,0,0,,
0,0,,1.3639259,2.79E-05,,0,0,,
0,0,,1.3639259,2.79E-05,,0,0,,
0,0,,1.3639259,2.79E-05,,0,0,,
0,0,,1.3639259,2.79E-05,,0,0,,
0,0,,1.3639259,2.79E-05,,0,0,,
0,0,,1.3639259,2.79E-05,,0,0,,
0,0,,1.3639259,2.79E-05,,0,0,,
0,0,,1.3639259,2.79E-05,,0,0,,
0,0,,1.3639259,2.79E-05,,0,0,,
0,0,,1.3639259,2.79E-05,,0,0,,
0,0,,1.3639259,2.79E-05,,0,0,,
0,0,,1.3639259,2.79E-05,,0,0,,
0,0,,1.3639259,2.79E-05,,0,0,,
0,0,,1.3639259,2.79E-05,,0,0,,
0,0,,1.3639259,2.79E-05,,0,0,,
0,0,,1.3639259,2.79E-05,,0,0,,
0,0,,1.3639259,2.79E-05,,0,0,,
0,0,,1.3639259,2.79E-05,,0,0,,
0,0,,1.3639259,2.79E-05,,0,0,,
0,0,,1.3639259,2.79E-05,,0,0,,
0,0,,1.3639259,2.79E-05,,0,0,,
0,0,,1.3639259,2.79E-05,,0,0,,
0,0,,1.3639259,2.79E-05,,0,0,,
0,0,,1.3639259,2.79E-05,,0,0,,
0,0,,1.3639259,2.79E-05,,0,0,,
0,0,,1.3639259,2.79E-05,,0,0,,
0,0,,1.3639259,2.79E-05,,0,0,,
0,0,,1.3639259,2.79E-05,,0,0,,
0,0,,1.3639259,2.79E-05,,0,0,,
0,0,,1.3639259,2.79E-05,,0,0,,
0,0,,1.3639259,2.79E-05,,0,0,,
0,0,,1.3639259,2.79E-05,,0,0,,
0,0,,1.3639259,2.79E-05,,0,0,,
0,0,,1.3639259,2.79E-05,,0,0,,
0,0,,1.3639259,2.79E-05,,0,0,,
0,0,,1.3639259,2.79E-05,,0,0,,
0,0,,1.3639259,2.79E-05,,0,0,,
0,0,,1.3639259,2.79E-05,,0,0,,
0,0,,1.3639259,2.79E-05,,0,0,,
0,0,,1.3639259,2.79E-05,,0,0,,
0,0,,1.3639259,2.79E-05,,0,0,,
0,0,,1.3639259,2.79E-05,,0,0,,
0,0,,1.3639259,2.79E-05,,0,0,,
0,0,,1.3639259,2.79E-05,,0,0,,
0,0,,1.3639259,2.79E-05,,0,0,,
0,0,,1.3639259,2.79E-05,,0,0,,
0,0,,1.3639259,2.79E-05,,0,0,,
0,0,,1.3639259,2.79E-05,,0,0,,
0,0,,1.3639259,2.79E-05,,0,0,,
0,0,,1.3639259,2.79E-05,,0,0,,
0,0,,1.3639259,2.79E-05,,0,0,,
0,0,,1.3639259,2.79E-05,,0,0,,
0,0,,1.3639259,2.79E-05,,0,0,,
0,0,,1.3639259,2.79E-05,,0,0,,
0,0,,1.3639259,2.79E-05,,0,0,,
0,0,,1.3639259,2.79E-05,,0,0,,
0,0,,1.3639259,2.79E-05,,0,0,,
0,0,,1.3639259,2.79E-05,,0,0,,
0,0,,1.3639259,2.79E-05,,0,0,,
0,0,,1.3639259,2.79E-05,,0,0,,
